Bezeichner;Anzahl;Teil;Wert;Hersteller-Nr.;Bemerkung;Reichelt Option 1;Reichelt Option 2
J1;1;Leiterplattenklemme 2-polig, Raster 5,08 mm;Höhe 10,1 mm;Degson DG127-5.08-02P-14-00A(H);Bauhöhe höchstens 10,5 mm (Klemmenraum) – Phoenix MKDS 1,5/2-5,08 ist mit 17,3 mm zu hoch. Ersatz: RIA AKL 101-02 (10 mm);https://www.reichelt.de/de/de/shop/produkt/leiterplattenklemme_2_polig_rm_5_08_mm-276156;https://www.reichelt.de/de/de/shop/produkt/anschlussklemme_2-pol_2_mm_rm_5_08-36605
F1;1;Rückstellende Sicherung (PTC), radial;0,5 A Halten / 1 A Auslösen, 60 V;Littelfuse RXEF050;Ersatz: Bourns MF-R050 (0,5 A, 60 V);https://www.reichelt.de/de/de/shop/produkt/rueckstellende_sicherungen_1_a-242422;https://www.reichelt.de/de/de/shop/produkt/ptc_widerstand_750_mw_770_mohm_60_v-240126
D1;1;Schottky-Diode, DO-41;40 V, 1 A;1N5819;Verpolschutz – Ring = Kathode. Ersatz: SB140 im DO-41 (nicht DO-15);https://www.reichelt.de/de/de/shop/produkt/schottkydiode_40_v_1_a_do-41-41850;https://www.reichelt.de/de/de/shop/produkt/schottkydiode_40_v_1_a_do-41-16024
D2;1;TVS-Diode unidirektional, DO-15;33 V, 600 W;Littelfuse P6KE33A;Raster 10,16 mm – Ring = Kathode (an VIN). Ersatz: P6KE33A eines anderen Herstellers;https://www.reichelt.de/de/de/shop/produkt/tvs-diode_unidirectional_33_v_600_w_do-204ac_do-15-42013;
D3;1;Schottky-Diode, DO-41;40 V, 1 A;1N5819;vor dem 5-V-Pin des XIAO – Ring = Kathode. Ersatz: SB140 im DO-41;https://www.reichelt.de/de/de/shop/produkt/schottkydiode_40_v_1_a_do-41-41850;https://www.reichelt.de/de/de/shop/produkt/schottkydiode_40_v_1_a_do-41-16024
C1;1;Elko radial, Ø 5 × 11 mm, RM 2,0;22 µF, 50 V, 105 °C;Panasonic EEUFR1H220H;stehend – TSR-Datenblatt fordert ab 32 V Eingang 22 µF / 50 V. Ersatz: jeder Elko 22 µF / 50 V, 105 °C, Ø 5 mm, RM 2,0 (z. B. Panasonic FC);https://www.reichelt.de/de/de/shop/produkt/elko_radial_22_f_50v_105_c_low_esr-121288;https://www.reichelt.de/de/de/shop/produkt/elko_radial_22_uf_50_v_105_c_low_esr_aec-q200-84589
C2;1;Elko radial, Ø 5 × 11 mm, RM 2,0;47 µF, 16 V, 105 °C;Panasonic EEUFC1C470;LIEGEND einbauen, Körper nach oben, links neben U1. Ersatz: jeder Elko 47 µF ab 16 V, 105 °C, Ø 5 × 11 mm, RM 2,0 (z. B. Panasonic NHG 47 µF / 25 V);https://www.reichelt.de/de/de/shop/produkt/elko_radial_47_uf_16_v_105_c_low_esr_aec-q200-199902;https://www.reichelt.de/de/de/shop/produkt/elko_radial_47_f_25_v_105_c_5_x_11_mm_rm_2_0-200353
C3;1;Keramikkondensator bedrahtet, Footprint RM 5,08;1 µF, 50 V, X7R;KEMET C315C105K5R5TA;Ausgang U2 – oben rechts unter dem Schulterdach, beliebig herum, höchstens 9,2 mm hoch. C315 hat Raster 2,54: Beinchen auf 5,08 mm aufbiegen. Ersatz: jeder 1 µF ab 25 V, X7R oder X5R (Datenblatt MCP1702: Keramik 1–22 µF). Nicht Z5U/Y5V: verliert bei Wärme mehr als die Hälfte;https://www.reichelt.de/de/de/shop/produkt/vielschicht-kerko_1uf_63v_125_c-393649;https://www.reichelt.de/de/de/shop/produkt/vielschicht-kerko_1_0_f_50v_125_c-206914
C4;1;Keramikkondensator bedrahtet, Footprint RM 5,08;1 µF, 50 V, X7R;KEMET C315C105K5R5TA;Eingang U2 – rechts neben dem WIZ850io, beliebig herum. Beinchen wie bei C3 auf 5,08 mm aufbiegen. Ersatz wie C3;https://www.reichelt.de/de/de/shop/produkt/vielschicht-kerko_1uf_63v_125_c-393649;https://www.reichelt.de/de/de/shop/produkt/vielschicht-kerko_1_0_f_50v_125_c-206914
U1;1;DC/DC-Wandler SIP3;5 V, 1 A, 6,5–36 V ein;Traco TSR 1-2450;Ersatz: Traco TSR 1-2450E (7–36 V ein) – passt in denselben Footprint: Pin 1 3,26 mm von der Kante, Pinreihe 5,45 mm von der Rückseite, 10,2 mm hoch (Datenblatt TSR 1E);https://www.reichelt.de/de/de/shop/produkt/dc_dc-wandler_tsr-1_1_w_5_v_1000_ma_sil_to-220-116850;https://www.reichelt.de/de/de/shop/produkt/dc_dc_converter_tsr_1e_1_a_7-36_5_0_vdc_sip-3-288648
U2;1;LDO-Regler TO-92;3,3 V, 250 mA, bis 13,2 V ein;Microchip MCP1702-3302E/TO;hängt an den 5 V von U1 – sitzt oben rechts neben der RJ45 unter dem Schulterdach – äußere Beinchen auf 2,54 mm aufbiegen. Ersatz: MCP1700-3302E/TO, gleiche Pinfolge im TO-92, Eingang höchstens 6,0 V (reicht für 5 V);https://www.reichelt.de/de/de/shop/produkt/ldo-regler_fest_3_3_v_to-92-90114;
M1;1;Seeed Studio XIAO ESP32S3 Plus;16 MB Flash, 8 MB PSRAM, U.FL;Seeed 102010671;wird ohne Sockel direkt eingelötet. 102010671 kommt laut Seeed und DigiKey ohne angelötete Stiftleisten – dann 2 × 7 Stifte von der Stiftleiste 1 × 40 einlöten. BerryBase verkauft ihn als „pre-soldered“ (SE-102010671);https://www.reichelt.de/de/de/shop/produkt/xiao_esp32s3_plus_dual-core_wifi_bt5_0-395757;
M2;1;WIZnet WIZ850io;W5500, RJ45 mit Übertrager;WIZnet WIZ850io;wird mit seinen Stiftleisten ohne Sockel flach eingelötet. Nicht bei Reichelt – auch im WIZnet-Shop: https://shop.wiznet.eu/en/wiz850io.html;;
;1;Stiftleiste 1 × 40, gerade, RM 2,54;—;Econ Connect SL40G1;2 × 7 Stifte für den XIAO, falls er ohne Leisten kommt;https://www.reichelt.de/de/de/shop/produkt/stiftleiste_1_x_40_polig_gerade_rastermass_2_54_mm-404316;https://www.reichelt.de/de/de/shop/produkt/40pol_stiftleiste_gerade_rm_2_54-19506
;1;Hutschienengehäuse 2 TE, Bausatz;36 × 90 × 58 mm;Camdenboss CNMB/2/KIT;Gehäuse, Deckel, Klemmenabdeckungen (perforiert), Sockel, Hutschienen- und Wandclip;https://www.reichelt.de/de/de/shop/produkt/leergehaeuse_58_x_36_x_90_mm_2_te-133936;
;1;Antennenkabel RP-SMA-Einbaubuchse auf MHF I (U.FL-kompatibel);35 cm, Gewinde 10 mm;Delock 88383;Bohrung 6,5 mm rechts in der oberen Stufe (Bohrschablone). RP-SMA, nicht SMA: die Antenne hat einen RP-SMA-Stecker;https://www.reichelt.de/de/de/shop/produkt/antennenkabel_rp-sma_buchse_mhf_i_stecker_einbau-349327;
;1;WLAN-Stabantenne RP-SMA-Stecker mit Kippgelenk;2,4/5 GHz, 2 dBi @ 2,4 GHz, 143 mm;Delock 88460;"direkt auf die RP-SMA-Buchse in der oberen Stufe, zeigt nach oben; mit dem Kippgelenk zur Seite legen, wenn darüber ein Kabelkanal sitzt. Ohne Kippgelenk: Delock 88394 (89 mm)";https://www.reichelt.de/de/de/shop/produkt/wlan_antenne_rp-sma-179738;https://www.reichelt.de/de/de/shop/produkt/wlan_antenne_rp-sma-179727
;1;Leiterplatte 86,5 × 33 mm, 2 Lagen, 1,6 mm, HASL bleifrei;—;—;Fertiger nach Wahl (z. B. JLCPCB) mit traegerplatine_gerber.zip;;
;2;Schraube für die Befestigungsdome des Gehäuses;—;—;Größe nach der Anprobe – Lochdurchmesser auf der Platine 3,2 mm;;
